index,記事名,記事リンク先
001,旋盤加工の「芯出し」を民主化する：熟練工の勘を不要にする丸型マグネットチャックの導入,https://tokyodays.github.io/sunai-magazine/SunAI-Magazine/02_%E8%A8%98%E4%BA%8B/001_%E6%97%8B%E7%9B%A4%E5%8A%A0%E5%B7%A5%E3%81%AE%E3%80%8C%E8%8A%AF%E5%87%BA%E3%81%97%E3%80%8D%E3%82%92%E6%B0%91%E4%B8%BB%E5%8C%96%E3%81%99%E3%82%8B%EF%BC%9A%E7%86%9F%E7%B7%B4%E5%B7%A5%E3%81%AE%E5%8B%98%E3%82%92%E4%B8%8D%E8%A6%81%E3%81%AB%E3%81%99%E3%82%8B%E4%B8%B8%E5%9E%8B%E3%83%9E%E3%82%B0%E3%83%8D%E3%83%83%E3%83%88%E3%83%81%E3%83%A3%E3%83%83%E3%82%AF%E3%81%AE%E5%B0%8E%E5%85%A5/democratizing-lathe-alignment_ja.html
002,【国際安全基準】OSHA・DGUVから読み解く旋盤作業の突起物リスクと「除去」による本質的安全化,https://tokyodays.github.io/sunai-magazine/SunAI-Magazine/02_%E8%A8%98%E4%BA%8B/002_%E3%80%90%E5%9B%BD%E9%9A%9B%E5%AE%89%E5%85%A8%E5%9F%BA%E6%BA%96%E3%80%91OSHA%E3%83%BBDGUV%E3%81%8B%E3%82%89%E8%AA%AD%E3%81%BF%E8%A7%A3%E3%81%8F%E6%97%8B%E7%9B%A4%E4%BD%9C%E6%A5%AD%E3%81%AE%E7%AA%81%E8%B5%B7%E7%89%A9%E3%83%AA%E3%82%B9%E3%82%AF%E3%81%A8%E3%80%8C%E9%99%A4%E5%8E%BB%E3%80%8D%E3%81%AB%E3%82%88%E3%82%8B%E6%9C%AC%E8%B3%AA%E7%9A%84%E5%AE%89%E5%85%A8%E5%8C%96/international-safety-standards-lathe-risks_ja.html
003,旋盤の「歪み」を科学する：点接触から面接触へ、加工精度を再定義する応力分布の革新,https://tokyodays.github.io/sunai-magazine/SunAI-Magazine/02_%E8%A8%98%E4%BA%8B/003_%E6%97%8B%E7%9B%A4%E3%81%AE%E3%80%8C%E6%AD%AA%E3%81%BF%E3%80%8D%E3%82%92%E7%A7%91%E5%AD%A6%E3%81%99%E3%82%8B%EF%BC%9A%E7%82%B9%E6%8E%A5%E8%A7%A6%E3%81%8B%E3%82%89%E9%9D%A2%E6%8E%A5%E8%A7%A6%E3%81%B8%E3%80%81%E5%8A%A0%E5%B7%A5%E7%B2%BE%E5%BA%A6%E3%82%92%E5%86%8D%E5%AE%9A%E7%BE%A9%E3%81%99%E3%82%8B%E5%BF%9C%E5%8A%9B%E5%88%86%E5%B8%83%E3%81%AE%E9%9D%A9%E6%96%B0/science-of-lathe-deformation_ja.html
004,旋盤段取りの解剖学：非加工時間を利益に変える「外段取り」の技術,https://tokyodays.github.io/sunai-magazine/SunAI-Magazine/02_%E8%A8%98%E4%BA%8B/004_%E6%97%8B%E7%9B%A4%E6%AE%B5%E5%8F%96%E3%82%8A%E3%81%AE%E8%A7%A3%E5%89%96%E5%AD%A6%EF%BC%9A%E9%9D%9E%E5%8A%A0%E5%B7%A5%E6%99%82%E9%96%93%E3%82%92%E5%88%A9%E7%9B%8A%E3%81%AB%E5%A4%89%E3%81%88%E3%82%8B%E3%80%8C%E5%A4%96%E6%AE%B5%E5%8F%96%E3%82%8A%E3%80%8D%E3%81%AE%E6%8A%80%E8%A1%93/anatomy-of-lathe-setup-efficiency_ja.html
005,薄肉パイプ・リング加工の壁：初心者が知るべき「変形」の力学と回避術,https://tokyodays.github.io/sunai-magazine/SunAI-Magazine/02_%E8%A8%98%E4%BA%8B/005_%E8%96%84%E8%82%89%E3%83%91%E3%82%A4%E3%83%97%E3%83%BB%E3%83%AA%E3%83%B3%E3%82%B0%E5%8A%A0%E5%B7%A5%E3%81%AE%E5%A3%81%EF%BC%9A%E5%88%9D%E5%BF%83%E8%80%85%E3%81%8C%E7%9F%A5%E3%82%8B%E3%81%B9%E3%81%8D%E3%80%8C%E5%A4%89%E5%BD%A2%E3%80%8D%E3%81%AE%E5%8A%9B%E5%AD%A6%E3%81%A8%E5%9B%9E%E9%81%BF%E8%A1%93/thin-walled-pipe-ring-processing_ja.html
006,幾何公差（GD&T）と旋盤加工：グローバル図面を読み解き、同軸度・真直度を出す基礎,https://tokyodays.github.io/sunai-magazine/SunAI-Magazine/02_%E8%A8%98%E4%BA%8B/006_%E5%B9%BE%E4%BD%95%E5%85%AC%E5%B7%AE%EF%BC%88GD%26T%EF%BC%89%E3%81%A8%E6%97%8B%E7%9B%A4%E5%8A%A0%E5%B7%A5%EF%BC%9A%E3%82%B0%E3%83%AD%E3%83%BC%E3%83%90%E3%83%AB%E5%9B%B3%E9%9D%A2%E3%82%92%E8%AA%AD%E3%81%BF%E8%A7%A3%E3%81%8D%E3%80%81%E5%90%8C%E8%BB%B8%E5%BA%A6%E3%83%BB%E7%9C%9F%E7%9B%B4%E5%BA%A6%E3%82%92%E5%87%BA%E3%81%99%E5%9F%BA%E7%A4%8E/geometric-dimensioning-and-tolerancing-lathe_ja.html
007,ビビリ（チャタリング）の発生メカニズムと剛性：ワーク保持から見直す5つの対策,https://tokyodays.github.io/sunai-magazine/SunAI-Magazine/02_%E8%A8%98%E4%BA%8B/007_%E3%83%93%E3%83%93%E3%83%AA%EF%BC%88%E3%83%81%E3%83%A3%E3%82%BF%E3%83%AA%E3%83%B3%E3%82%B0%EF%BC%89%E3%81%AE%E7%99%BA%E7%94%9F%E3%83%A1%E3%82%AB%E3%83%8B%E3%82%BA%E3%83%A0%E3%81%A8%E5%89%9B%E6%80%A7%EF%BC%9A%E3%83%AF%E3%83%BC%E3%82%AF%E4%BF%9D%E6%8C%81%E3%81%8B%E3%82%89%E8%A6%8B%E7%9B%B4%E3%81%995%E3%81%A4%E3%81%AE%E5%AF%BE%E7%AD%96/chatter-vibration-workholding_ja.html
008,切削油（クーラント）と切りくず処理の基本：連続無人運転を阻む要因と対策,https://tokyodays.github.io/sunai-magazine/SunAI-Magazine/02_%E8%A8%98%E4%BA%8B/008_%E5%88%87%E5%89%8A%E6%B2%B9%EF%BC%88%E3%82%AF%E3%83%BC%E3%83%A9%E3%83%B3%E3%83%88%EF%BC%89%E3%81%A8%E5%88%87%E3%82%8A%E3%81%8F%E3%81%9A%E5%87%A6%E7%90%86%E3%81%AE%E5%9F%BA%E6%9C%AC%EF%BC%9A%E9%80%A3%E7%B6%9A%E7%84%A1%E4%BA%BA%E9%81%8B%E8%BB%A2%E3%82%92%E9%98%BB%E3%82%80%E8%A6%81%E5%9B%A0%E3%81%A8%E5%AF%BE%E7%AD%96/coolant-chip-management_ja.html
009,旋盤加工における「素材（被削材）」の基礎：アルミ、ステンレス、難削材のクランプ特性,https://tokyodays.github.io/sunai-magazine/SunAI-Magazine/02_%E8%A8%98%E4%BA%8B/009_%E6%97%8B%E7%9B%A4%E5%8A%A0%E5%B7%A5%E3%81%AB%E3%81%8A%E3%81%91%E3%82%8B%E3%80%8C%E7%B4%A0%E6%9D%90%EF%BC%88%E8%A2%AB%E5%89%8A%E6%9D%90%EF%BC%89%E3%80%8D%E3%81%AE%E5%9F%BA%E7%A4%8E%EF%BC%9A%E3%82%A2%E3%83%AB%E3%83%9F%E3%80%81%E3%82%B9%E3%83%86%E3%83%B3%E3%83%AC%E3%82%B9%E3%80%81%E9%9B%A3%E5%89%8A%E6%9D%90%E3%81%AE%E3%82%AF%E3%83%A9%E3%83%B3%E3%83%97%E7%89%B9%E6%80%A7/lathe-material-clamping-guide_ja.html
010,職人の「暗黙知」をデータ化する：次世代旋盤オペレーターに求められるスキルセット,https://tokyodays.github.io/sunai-magazine/SunAI-Magazine/02_%E8%A8%98%E4%BA%8B/010_%E8%81%B7%E4%BA%BA%E3%81%AE%E3%80%8C%E6%9A%97%E9%BB%99%E7%9F%A5%E3%80%8D%E3%82%92%E3%83%87%E3%83%BC%E3%82%BF%E5%8C%96%E3%81%99%E3%82%8B%EF%BC%9A%E6%AC%A1%E4%B8%96%E4%BB%A3%E6%97%8B%E7%9B%A4%E3%82%AA%E3%83%9A%E3%83%AC%E3%83%BC%E3%82%BF%E3%83%BC%E3%81%AB%E6%B1%82%E3%82%81%E3%82%89%E3%82%8C%E3%82%8B%E3%82%B9%E3%82%AD%E3%83%AB%E3%82%BB%E3%83%83%E3%83%88/tacit-knowledge-to-data_ja.html
011,マグネットチャックとは？原理・種類・用途を完全解説【2026年最新版】,https://tokyodays.github.io/sunai-magazine/SunAI-Magazine/02_%E8%A8%98%E4%BA%8B/011_%E3%83%9E%E3%82%B0%E3%83%8D%E3%83%83%E3%83%88%E3%83%81%E3%83%A3%E3%83%83%E3%82%AF%E3%81%A8%E3%81%AF%3F%E5%8E%9F%E7%90%86%E3%83%BB%E7%A8%AE%E9%A1%9E%E3%83%BB%E7%94%A8%E9%80%94%E3%82%92%E5%AE%8C%E5%85%A8%E8%A7%A3%E8%AA%AC%E3%80%902026%E5%B9%B4%E6%9C%80%E6%96%B0%E7%89%88%E3%80%91/magnetic-chuck-complete-guide_ja.html
012,永電磁式マグネットチャックの技術的優位性：電磁式・永磁式との徹底比較,https://tokyodays.github.io/sunai-magazine/SunAI-Magazine/02_%E8%A8%98%E4%BA%8B/012_%E6%B0%B8%E9%9B%BB%E7%A3%81%E5%BC%8F%E3%83%9E%E3%82%B0%E3%83%8D%E3%83%83%E3%83%88%E3%83%81%E3%83%A3%E3%83%83%E3%82%AF%E3%81%AE%E6%8A%80%E8%A1%93%E7%9A%84%E5%84%AA%E4%BD%8D%E6%80%A7%20%E9%9B%BB%E7%A3%81%E5%BC%8F%E3%83%BB%E6%B0%B8%E7%A3%81%E5%BC%8F%E3%81%A8%E3%81%AE%E5%BE%B9%E5%BA%95%E6%AF%94%E8%BC%83/electro-permanent-magnetic-chuck-comparison_ja.html
013,マグネットチャックの吸着力計算と安全率設定：切削力に負けない設計手法,https://tokyodays.github.io/sunai-magazine/SunAI-Magazine/02_%E8%A8%98%E4%BA%8B/013_%E3%83%9E%E3%82%B0%E3%83%8D%E3%83%83%E3%83%88%E3%83%81%E3%83%A3%E3%83%83%E3%82%AF%E3%81%AE%E5%90%B8%E7%9D%80%E5%8A%9B%E8%A8%88%E7%AE%97%E3%81%A8%E5%AE%89%E5%85%A8%E7%8E%87%E8%A8%AD%E5%AE%9A%20%E5%88%87%E5%89%8A%E5%8A%9B%E3%81%AB%E8%B2%A0%E3%81%91%E3%81%AA%E3%81%84%E8%A8%AD%E8%A8%88%E6%89%8B%E6%B3%95/magnetic-chuck-holding-force-calculation_ja.html
014,マグネットチャック vs 油圧チャック vs メカニカルチャック：生産性・コスト・精度の3軸比較,https://tokyodays.github.io/sunai-magazine/SunAI-Magazine/02_%E8%A8%98%E4%BA%8B/014_%E3%83%9E%E3%82%B0%E3%83%8D%E3%83%83%E3%83%88%E3%83%81%E3%83%A3%E3%83%83%E3%82%AF%20vs%20%E6%B2%B9%E5%9C%A7%E3%83%81%E3%83%A3%E3%83%83%E3%82%AF%20vs%20%E3%83%A1%E3%82%AB%E3%83%8B%E3%82%AB%E3%83%AB%E3%83%81%E3%83%A3%E3%83%83%E3%82%AF%20%E7%94%9F%E7%94%A3%E6%80%A7%E3%83%BB%E3%82%B3%E3%82%B9%E3%83%88%E3%83%BB%E7%B2%BE%E5%BA%A6%E3%81%AE3%E8%BB%B8%E6%AF%94%E8%BC%83/magnetic-vs-hydraulic-vs-mechanical-chuck_ja.html
016,非鉄金属・非磁性材料のマグネット保持：ハイブリッド方式とベストプラクティス,https://tokyodays.github.io/sunai-magazine/SunAI-Magazine/02_%E8%A8%98%E4%BA%8B/016_%E9%9D%9E%E9%89%84%E9%87%91%E5%B1%9E%E3%83%BB%E9%9D%9E%E7%A3%81%E6%80%A7%E6%9D%90%E6%96%99%E3%81%AE%E3%83%9E%E3%82%B0%E3%83%8D%E3%83%83%E3%83%88%E4%BF%9D%E6%8C%81%EF%BC%9A%E3%83%8F%E3%82%A4%E3%83%96%E3%83%AA%E3%83%83%E3%83%89%E6%96%B9%E5%BC%8F%E3%81%A8%E3%83%99%E3%82%B9%E3%83%88%E3%83%97%E3%83%A9%E3%82%AF%E3%83%86%E3%82%A3%E3%82%B9/non-ferrous-magnetic-chuck_ja.html
017,Industry 4.0対応マグネットチャック：IoT統合と予知保全戦略,https://tokyodays.github.io/sunai-magazine/SunAI-Magazine/02_%E8%A8%98%E4%BA%8B/017_Industry%204.0%E5%AF%BE%E5%BF%9C%E3%83%9E%E3%82%B0%E3%83%8D%E3%83%83%E3%83%88%E3%83%81%E3%83%A3%E3%83%83%E3%82%AF%EF%BC%9AIoT%E7%B5%B1%E5%90%88%E3%81%A8%E4%BA%88%E7%9F%A5%E4%BF%9D%E5%85%A8%E6%88%A6%E7%95%A5/industry40-iot-magnetic-chuck_ja.html
018,停電・電圧変動対策：永電磁式マグネットチャックが新興国市場で選ばれる理由,https://tokyodays.github.io/sunai-magazine/SunAI-Magazine/02_%E8%A8%98%E4%BA%8B/018_%E5%81%9C%E9%9B%BB%E3%83%BB%E9%9B%BB%E5%9C%A7%E5%A4%89%E5%8B%95%E5%AF%BE%E7%AD%96%20%E6%B0%B8%E9%9B%BB%E7%A3%81%E5%BC%8F%E3%83%9E%E3%82%B0%E3%83%8D%E3%83%83%E3%83%88%E3%83%81%E3%83%A3%E3%83%83%E3%82%AF%E3%81%8C%E6%96%B0%E8%88%88%E5%9B%BD%E5%B8%82%E5%A0%B4%E3%81%A7%E9%81%B8%E3%81%B0%E3%82%8C%E3%82%8B%E7%90%86%E7%94%B1/power-outage-magnetic-chuck-emerging-markets_ja.html
019,マグネットチャックの寿命とメンテナンス：20年使える設計の秘密,https://tokyodays.github.io/sunai-magazine/SunAI-Magazine/02_%E8%A8%98%E4%BA%8B/019_%E3%83%9E%E3%82%B0%E3%83%8D%E3%83%83%E3%83%88%E3%83%81%E3%83%A3%E3%83%83%E3%82%AF%E3%81%AE%E5%AF%BF%E5%91%BD%E3%81%A8%E3%83%A1%E3%83%B3%E3%83%86%E3%83%8A%E3%83%B3%E3%82%B9%2020%E5%B9%B4%E4%BD%BF%E3%81%88%E3%82%8B%E8%A8%AD%E8%A8%88%E3%81%AE%E7%A7%98%E5%AF%86/magnetic-chuck-lifespan-maintenance_ja.html
020,模倣品に注意：正規マグネットチャックの見分け方と品質保証【中国市場版】,https://tokyodays.github.io/sunai-magazine/SunAI-Magazine/02_%E8%A8%98%E4%BA%8B/020_%E6%A8%A1%E5%80%A3%E5%93%81%E3%81%AB%E6%B3%A8%E6%84%8F%20%E6%AD%A3%E8%A6%8F%E3%83%9E%E3%82%B0%E3%83%8D%E3%83%83%E3%83%88%E3%83%81%E3%83%A3%E3%83%83%E3%82%AF%E3%81%AE%E8%A6%8B%E5%88%86%E3%81%91%E6%96%B9%E3%81%A8%E5%93%81%E8%B3%AA%E4%BF%9D%E8%A8%BC%E3%80%90%E4%B8%AD%E5%9B%BD%E5%B8%82%E5%A0%B4%E7%89%88%E3%80%91/counterfeit-magnetic-chuck-guide_ja.html
021,ワークが動いた！マグネットチャック吸着力不足の3大原因と即効対策,https://tokyodays.github.io/sunai-magazine/SunAI-Magazine/02_%E8%A8%98%E4%BA%8B/021_%E3%83%AF%E3%83%BC%E3%82%AF%E3%81%8C%E5%8B%95%E3%81%84%E3%81%9F%EF%BC%81%E3%83%9E%E3%82%B0%E3%83%8D%E3%83%83%E3%83%88%E3%83%81%E3%83%A3%E3%83%83%E3%82%AF%E5%90%B8%E7%9D%80%E5%8A%9B%E4%B8%8D%E8%B6%B3%E3%81%AE3%E5%A4%A7%E5%8E%9F%E5%9B%A0%E3%81%A8%E5%8D%B3%E5%8A%B9%E5%AF%BE%E7%AD%96/magnetic-chuck-holding-force-loss_ja.html
022,薄板が曲がった！0.5mm以下のワーク変形を防ぐ段階的吸着の科学,https://tokyodays.github.io/sunai-magazine/SunAI-Magazine/02_%E8%A8%98%E4%BA%8B/022_%E8%96%84%E6%9D%BF%E3%81%8C%E6%9B%B2%E3%81%8C%E3%81%A3%E3%81%9F%EF%BC%810.5mm%E4%BB%A5%E4%B8%8B%E3%81%AE%E3%83%AF%E3%83%BC%E3%82%AF%E5%A4%89%E5%BD%A2%E3%82%92%E9%98%B2%E3%81%90%E6%AE%B5%E9%9A%8E%E7%9A%84%E5%90%B8%E7%9D%80%E3%81%AE%E7%A7%91%E5%AD%A6/thin-workpiece-warping-prevention-magnetic-chuck_ja.html
023,加工後のワークがくっつく！残留磁気の測定・消磁・予防の完全マニュアル,https://tokyodays.github.io/sunai-magazine/SunAI-Magazine/02_%E8%A8%98%E4%BA%8B/023_%E5%8A%A0%E5%B7%A5%E5%BE%8C%E3%81%AE%E3%83%AF%E3%83%BC%E3%82%AF%E3%81%8C%E3%81%8F%E3%81%A3%E3%81%A4%E3%81%8F%EF%BC%81%E6%AE%8B%E7%95%99%E7%A3%81%E6%B0%97%E3%81%AE%E6%B8%AC%E5%AE%9A%E3%83%BB%E6%B6%88%E7%A3%81%E3%83%BB%E4%BA%88%E9%98%B2%E3%81%AE%E5%AE%8C%E5%85%A8%E3%83%9E%E3%83%8B%E3%83%A5%E3%82%A2%E3%83%AB/residual-magnetism_ja.html
024,吸着力が半減！切削油・クーラントによる磁気吸着不良と清掃の正解,https://tokyodays.github.io/sunai-magazine/SunAI-Magazine/02_%E8%A8%98%E4%BA%8B/024_%E5%90%B8%E7%9D%80%E5%8A%9B%E3%81%8C%E5%8D%8A%E6%B8%9B%EF%BC%81%E5%88%87%E5%89%8A%E6%B2%B9%E3%83%BB%E3%82%AF%E3%83%BC%E3%83%A9%E3%83%B3%E3%83%88%E3%81%AB%E3%82%88%E3%82%8B%E7%A3%81%E6%B0%97%E5%90%B8%E7%9D%80%E4%B8%8D%E8%89%AF%E3%81%A8%E6%B8%85%E6%8E%83%E3%81%AE%E6%AD%A3%E8%A7%A3/magnetic-chuck-cleaning_ja.html
025,停電でワークが落下！電磁式vs永電磁式の安全性比較と緊急対策,https://tokyodays.github.io/sunai-magazine/SunAI-Magazine/02_%E8%A8%98%E4%BA%8B/025_%E5%81%9C%E9%9B%BB%E3%81%A7%E3%83%AF%E3%83%BC%E3%82%AF%E3%81%8C%E8%90%BD%E4%B8%8B%EF%BC%81%E9%9B%BB%E7%A3%81%E5%BC%8Fvs%E6%B0%B8%E9%9B%BB%E7%A3%81%E5%BC%8F%E3%81%AE%E5%AE%89%E5%85%A8%E6%80%A7%E6%AF%94%E8%BC%83%E3%81%A8%E7%B7%8A%E6%80%A5%E5%AF%BE%E7%AD%96/power-outage-magnetic-chuck_ja.html
026,加工精度±0.01mmが守れない！5分で原因を特定する診断フローチャート,https://tokyodays.github.io/sunai-magazine/SunAI-Magazine/02_%E8%A8%98%E4%BA%8B/026_%E5%8A%A0%E5%B7%A5%E7%B2%BE%E5%BA%A6%C2%B10.01mm%E3%81%8C%E5%AE%88%E3%82%8C%E3%81%AA%E3%81%84%EF%BC%815%E5%88%86%E3%81%A7%E5%8E%9F%E5%9B%A0%E3%82%92%E7%89%B9%E5%AE%9A%E3%81%99%E3%82%8B%E8%A8%BA%E6%96%AD%E3%83%95%E3%83%AD%E3%83%BC%E3%83%81%E3%83%A3%E3%83%BC%E3%83%88/machining-accuracy-troubleshooting-flowchart_ja.html
027,朝イチと午後で寸法が違う！温度による磁力変動と補償技術,https://tokyodays.github.io/sunai-magazine/SunAI-Magazine/02_%E8%A8%98%E4%BA%8B/027_%E6%9C%9D%E3%82%A4%E3%83%81%E3%81%A8%E5%8D%88%E5%BE%8C%E3%81%A7%E5%AF%B8%E6%B3%95%E3%81%8C%E9%81%95%E3%81%86%EF%BC%81%E6%B8%A9%E5%BA%A6%E3%81%AB%E3%82%88%E3%82%8B%E7%A3%81%E5%8A%9B%E5%A4%89%E5%8B%95%E3%81%A8%E8%A3%9C%E5%84%9F%E6%8A%80%E8%A1%93/temperature-magnetic-force-variation_ja.html
028,鉄粉・切粉の侵入！吸着面の傷・凹みの予防と補修完全ガイド,https://tokyodays.github.io/sunai-magazine/SunAI-Magazine/02_%E8%A8%98%E4%BA%8B/028_%E9%89%84%E7%B2%89%E3%83%BB%E5%88%87%E7%B2%89%E3%81%AE%E4%BE%B5%E5%85%A5%EF%BC%81%E5%90%B8%E7%9D%80%E9%9D%A2%E3%81%AE%E5%82%B7%E3%83%BB%E5%87%B9%E3%81%BF%E3%81%AE%E4%BA%88%E9%98%B2%E3%81%A8%E8%A3%9C%E4%BF%AE%E5%AE%8C%E5%85%A8%E3%82%AC%E3%82%A4%E3%83%89/magnetic-chuck-surface-damage-prevention-repair_ja.html
029,偽物に注意！正規マグネットチャックと模倣品を見分ける7つのチェックポイント,https://tokyodays.github.io/sunai-magazine/SunAI-Magazine/02_%E8%A8%98%E4%BA%8B/029_%E5%81%BD%E7%89%A9%E3%81%AB%E6%B3%A8%E6%84%8F%EF%BC%81%E6%AD%A3%E8%A6%8F%E3%83%9E%E3%82%B0%E3%83%8D%E3%83%83%E3%83%88%E3%83%81%E3%83%A3%E3%83%83%E3%82%AF%E3%81%A8%E6%A8%A1%E5%80%A3%E5%93%81%E3%82%92%E8%A6%8B%E5%88%86%E3%81%91%E3%82%8B7%E3%81%A4%E3%81%AE%E3%83%81%E3%82%A7%E3%83%83%E3%82%AF%E3%83%9D%E3%82%A4%E3%83%B3%E3%83%88/counterfeit-magnetic-chuck-identification_ja.html
030,航空宇宙グレード要求！±0.0005インチ繰り返し精度の測定・証明プロトコル,https://tokyodays.github.io/sunai-magazine/SunAI-Magazine/02_%E8%A8%98%E4%BA%8B/030_%E8%88%AA%E7%A9%BA%E5%AE%87%E5%AE%99%E3%82%B0%E3%83%AC%E3%83%BC%E3%83%89%E8%A6%81%E6%B1%82%EF%BC%81%C2%B10.0005%E3%82%A4%E3%83%B3%E3%83%81%E7%B9%B0%E3%82%8A%E8%BF%94%E3%81%97%E7%B2%BE%E5%BA%A6%E3%81%AE%E6%B8%AC%E5%AE%9A%E3%83%BB%E8%A8%BC%E6%98%8E%E3%83%97%E3%83%AD%E3%83%88%E3%82%B3%E3%83%AB/aerospace-repeatability-protocol_ja.html
031,5分が30秒に！マグネットチャックで実現する段取り時間90%削減の科学的手法,https://tokyodays.github.io/sunai-magazine/SunAI-Magazine/02_%E8%A8%98%E4%BA%8B/031_5%E5%88%86%E3%81%8C30%E7%A7%92%E3%81%AB%EF%BC%81%E3%83%9E%E3%82%B0%E3%83%8D%E3%83%83%E3%83%88%E3%83%81%E3%83%A3%E3%83%83%E3%82%AF%E3%81%A7%E5%AE%9F%E7%8F%BE%E3%81%99%E3%82%8B%E6%AE%B5%E5%8F%96%E3%82%8A%E6%99%82%E9%96%9390%25%E5%89%8A%E6%B8%9B%E3%81%AE%E7%A7%91%E5%AD%A6%E7%9A%84%E6%89%8B%E6%B3%95/sunai-magnetic-chuck-setup-reduction_ja.html
032,精度±0.01mmの壁を破る！マグネットチャックで達成する5つの技術的条件,https://tokyodays.github.io/sunai-magazine/SunAI-Magazine/02_%E8%A8%98%E4%BA%8B/032_%E7%B2%BE%E5%BA%A6%C2%B10.01mm%E3%81%AE%E5%A3%81%E3%82%92%E7%A0%B4%E3%82%8B%EF%BC%81%E3%83%9E%E3%82%B0%E3%83%8D%E3%83%83%E3%83%88%E3%83%81%E3%83%A3%E3%83%83%E3%82%AF%E3%81%A7%E9%81%94%E6%88%90%E3%81%99%E3%82%8B5%E3%81%A4%E3%81%AE%E6%8A%80%E8%A1%93%E7%9A%84%E6%9D%A1%E4%BB%B6/breaking-001mm-barrier-magnetic-chuck_ja.html
033,新人が3日で戦力化！マグネットチャックによるクランプ技能の完全標準化,https://tokyodays.github.io/sunai-magazine/SunAI-Magazine/02_%E8%A8%98%E4%BA%8B/033_%E6%96%B0%E4%BA%BA%E3%81%8C3%E6%97%A5%E3%81%A7%E6%88%A6%E5%8A%9B%E5%8C%96%EF%BC%81%E3%83%9E%E3%82%B0%E3%83%8D%E3%83%83%E3%83%88%E3%83%81%E3%83%A3%E3%83%83%E3%82%AF%E3%81%AB%E3%82%88%E3%82%8B%E3%82%AF%E3%83%A9%E3%83%B3%E3%83%97%E6%8A%80%E8%83%BD%E3%81%AE%E5%AE%8C%E5%85%A8%E6%A8%99%E6%BA%96%E5%8C%96/magnetic-chuck-skill-standardization_ja.html
034,再クランプゼロ！5面加工による工程集約で実現する生産リードタイム50%短縮,https://tokyodays.github.io/sunai-magazine/SunAI-Magazine/02_%E8%A8%98%E4%BA%8B/034_%E5%86%8D%E3%82%AF%E3%83%A9%E3%83%B3%E3%83%97%E3%82%BC%E3%83%AD%EF%BC%815%E9%9D%A2%E5%8A%A0%E5%B7%A5%E3%81%AB%E3%82%88%E3%82%8B%E5%B7%A5%E7%A8%8B%E9%9B%86%E7%B4%84%E3%81%A7%E5%AE%9F%E7%8F%BE%E3%81%99%E3%82%8B%E7%94%9F%E7%94%A3%E3%83%AA%E3%83%BC%E3%83%89%E3%82%BF%E3%82%A4%E3%83%A050%25%E7%9F%AD%E7%B8%AE/zero-reclamping-5axis-process-integration_ja.html
035,投資回収1年以内！マグネットチャック導入のROI最大化シミュレーション,https://tokyodays.github.io/sunai-magazine/SunAI-Magazine/02_%E8%A8%98%E4%BA%8B/035_%E6%8A%95%E8%B3%87%E5%9B%9E%E5%8F%8E1%E5%B9%B4%E4%BB%A5%E5%86%85%EF%BC%81%E3%83%9E%E3%82%B0%E3%83%8D%E3%83%83%E3%83%88%E3%83%81%E3%83%A3%E3%83%83%E3%82%AF%E5%B0%8E%E5%85%A5%E3%81%AEROI%E6%9C%80%E5%A4%A7%E5%8C%96%E3%82%B7%E3%83%9F%E3%83%A5%E3%83%AC%E3%83%BC%E3%82%B7%E3%83%A7%E3%83%B3/magnetic-chuck-roi_ja.html
036,IoTで見える化！マグネットチャックのIndustry 4.0統合による段取り最適化,https://tokyodays.github.io/sunai-magazine/SunAI-Magazine/02_%E8%A8%98%E4%BA%8B/036_IoT%E3%81%A7%E8%A6%8B%E3%81%88%E3%82%8B%E5%8C%96%EF%BC%81%E3%83%9E%E3%82%B0%E3%83%8D%E3%83%83%E3%83%88%E3%83%81%E3%83%A3%E3%83%83%E3%82%AF%E3%81%AEIndustry%204.0%E7%B5%B1%E5%90%88%E3%81%AB%E3%82%88%E3%82%8B%E6%AE%B5%E5%8F%96%E3%82%8A%E6%9C%80%E9%81%A9%E5%8C%96/iot-magnetic-chuck-industry40_ja.html
037,変形ゼロ！0.3mm薄板・チタン合金の高精度段取りを実現する専門技術,https://tokyodays.github.io/sunai-magazine/SunAI-Magazine/02_%E8%A8%98%E4%BA%8B/037_%E5%A4%89%E5%BD%A2%E3%82%BC%E3%83%AD%EF%BC%810.3mm%E8%96%84%E6%9D%BF%E3%83%BB%E3%83%81%E3%82%BF%E3%83%B3%E5%90%88%E9%87%91%E3%81%AE%E9%AB%98%E7%B2%BE%E5%BA%A6%E6%AE%B5%E5%8F%96%E3%82%8A%E3%82%92%E5%AE%9F%E7%8F%BE%E3%81%99%E3%82%8B%E5%B0%82%E9%96%80%E6%8A%80%E8%A1%93/zero-deformation-thin-plate-titanium_ja.html
038,コピペで完成！マグネットチャック段取りの標準作業書テンプレート集,https://tokyodays.github.io/sunai-magazine/SunAI-Magazine/02_%E8%A8%98%E4%BA%8B/038_%E3%82%B3%E3%83%94%E3%83%9A%E3%81%A7%E5%AE%8C%E6%88%90%EF%BC%81%E3%83%9E%E3%82%B0%E3%83%8D%E3%83%83%E3%83%88%E3%83%81%E3%83%A3%E3%83%83%E3%82%AF%E6%AE%B5%E5%8F%96%E3%82%8A%E3%81%AE%E6%A8%99%E6%BA%96%E4%BD%9C%E6%A5%AD%E6%9B%B8%E3%83%86%E3%83%B3%E3%83%97%E3%83%AC%E3%83%BC%E3%83%88%E9%9B%86/magnetic-chuck-setup-sop-templates_ja.html
039,公開実測！サンアイ vs SCHUNK vs 油圧チャック：段取り時間ガチ比較,https://tokyodays.github.io/sunai-magazine/SunAI-Magazine/02_%E8%A8%98%E4%BA%8B/039_%E5%85%AC%E9%96%8B%E5%AE%9F%E6%B8%AC%EF%BC%81%E3%82%B5%E3%83%B3%E3%82%A2%E3%82%A4%20vs%20SCHUNK%20vs%20%E6%B2%B9%E5%9C%A7%E3%83%81%E3%83%A3%E3%83%83%E3%82%AF%EF%BC%9A%E6%AE%B5%E5%8F%96%E3%82%8A%E6%99%82%E9%96%93%E3%82%AC%E3%83%81%E6%AF%94%E8%BC%83/sunai-vs-schunk-vs-hydraulic-chuck_ja.html
